
use  Netflix;
insert into netflix.tipo_documento(Id_documento,siglas,Nombre_tipo_documento) values
(1,'c.c','Cedula de ciudadania'),
(2,'T.I','Tarjeta de identidad'),
(3,'C.E','Cedula de extranjeria'),
(4,'PAS','pasaporte');

insert into netflix.rol (id_rol,nombre_rol) values
(1,'Administrador'),
(2,'Usuario');

 insert into netflix.plan (id_plan,nombre_plan,caracteristicas_plan,costo) values 
 (1,'Basico','Te permite hacer streaming de películas y series de Netflix en un dispositivo a la vez en definición estándar (SD).',16.000),
 (2,'Premium','te permite ver películas y series de Netflix en cuatro dispositivos al mismo tiempo en alta definición (HD) y en definición Ultra HD',32.000),
 (3,'Estandar','te permite hacer streaming de películas y series de Netflix en dos dispositivos al mismo tiempo y, cuando está disponible, en alta definición (HD)',24.000);

insert into netflix.peliculas (id_peliculas,nombre_pelicula,duracion,año,sinopsis,estado)
values
(1,'Avengers End Game','03:02:00','2019','El grave desenlace de los acontecimientos provocados por Thanos, que acabó con la mitad del universo y parte de Los Vengadores, obliga a aquellos SúpeHéroes que sobrevivieron a tomar una firme posición en Avengers: Endgame.',1),
(2,'Avenger Infinite war','02:45:02','2018','El todopoderoso Thanos ha despertado con la promesa de arrasar con todo a su paso, portando el Guantelete del Infinito, que le confiere un poder incalculable.',1),
(3,'Spider-man far from home','02:09:00','2019','Peter Parker decide pasar unas merecidas vacaciones en Europa junto a MJ, Ned y el resto de sus amigos. Sin embargo, Peter debe volver a ponerse el traje de Spider-Man cuando Nick Fury le encomienda una nueva misión: frenar el ataque de unas criaturas que están causando el caos en el continente.',1),
(4,'Aserbian film','01:44:05','2010','La película que parodia al cine serbio, narra la historia de Milos, un actor legendario del cine porno casi retirado que vive apaciblemente con su esposa y su hijo. Las penurias económicas que atraviesa le llevarán a aceptar la oferta de un enigmático individuo llamado Vukmir Vukmir para protagonizar una película de “pornografía artística”.',1),
(5,'X-men: Dark phoenix','01:53:00','2019','os X-Men se enfrentan a su enemigo más poderoso: uno de sus miembros, Jean Grey. Durante una misión de rescate en el espacio, Jean casi muere al ser alcanzada por una misteriosa fuerza cósmica. Cuando regresa a casa, esa radiación la ha hecho más poderosa, pero mucho más inestable. Mientras lucha con la entidad que habita en su interior, Jean desata sus poderes de formas que no puede controlar ni comprender.',1),
(6,'X-men:Dias del futuro pasado','01:45:43','2014','Los X-Men unen fuerzas con sus versiones más jóvenes con el fin de cambiar el pasado y salvar su futuro y el de la humanidad.',1),
(7,'El cienpies humano','01:31:00','2010','Un cirujano demente une a dos chicas americanas y a un hombre japonés entre ellos a través de sus sistemas gástricos.',1),
(8,'saw','01:51:00','2004','Adam y Lawrence se despiertan encadenados en un baño infecto con un cadáver entre ellos. Su secuestrador es un maniaco, cuyo juego consiste en forzar a sus cautivos a herirse a sí mismos o a otros para permanecer vivos.',1),
(9,'saw II','01:31:05','2005','Un detective emprende una carrera contra el tiempo para salvar a su hijo de un demente que tiene secuestrado a varios.',1),
(10,'Apocalipto ','02:14:00','2007','Mientras la oscuridad cae sobre lo que alguna vez fue la gran civilización maya, un hombre cautivo hace un intento desesperado por escapar de la brutal tribu que planea usarlo como un sacrificio humano. Si él logra sobrevivir, regresará con su familia y con la mujer que ama.',1),
(11,'Ted','01:46:00','2012','Cuando John Bennett (Mark Wahlberg) era un niño pequeño, pidió el deseo de que Ted (Seth MacFarlane), su querido oso de peluche, cobrara vida. Treinta años más tarde, Ted continúa siendo el compañero de John, ante el disgusto de Lori (Mila Kunis), la novia de John. Aunque el disgusto de Lori se ve agravado por el constante consumo de la pareja de cerveza y marihuana',1),
(12,'Ted 2','01:48:00','2015','Ted y Tami-Lynn acaban de casarse y quieren tener un bebé. Sin embargo, cumplir su sueño no es fácil porque debe demostrar ante un tribunal que es una persona. Además, para fecundar a su esposa, Ted quiere que John lo ayuda a robar el esperma de un jugador de fútbol americano.',1),
(13,'Transformers','02:20:00','2007','El destino de la humanidad está en juego cuando dos razas de robots, los buenos Autobots y los villanos Decepticons, llevan su guerra a la Tierra. Los robots tienen la habilidad de transformarse en diferentes objetos mecánicos mientras buscan la clave del poder supremo. Sólo un joven humano, Sam Witwicky puede salvar al mundo de la destrucción total.',1),
(14,'Transformers revenge of the fallen','02:33:00','2009','Han pasado dos años desde que los Transformers irrumpieran en la vida de Sam Witwicky. Ahora, el objetivo de Sam es ingresar en la universidad y llevar una vida tranquila, pero se ve otra vez involucrado en la guerra entre Autobots y Decepticons.',1),
(15,'Transformers Dark of the moon','02:45:00','2011','Una vez más, la Tierra se ve atrapada en el medio cuando la resurrección de un antiguo Transformer parece cambiar el rumbo de los Autobots en su larga guerra con los malvados Decepticons.',1),
(16,'Spider-man','02:14:00','2002','Un tímido estudiante se vuelve en un luchador contra el crimen, desde que la picadura de una araña mutante le da poderes extraordinarios.',1),
(17,'Toy Story','01:20:00','1995','Woody, el juguete favorito de Andy, se siente amenazado por la inesperada llegada de Buzz Lightyear, el guardían del espacio.',1),
(18,'Piratas del caribe 1 ','02:40:00','2003','Un herrero y un extraño pirata se unen para rescatar a una dama secuestrada de un capitán de piratas y su tripulación.',1),
(19,'El señor de los anillos: el retorno del rey ','04:11:00','2003','Frodo, Sam y Gollum se acercan al monte del Destino, donde destruirán el anillo o perecerán en el intento. Mientras, Aragorn y sus compañeros se enfrentan a las monstruosas tropas de Sauron.',1),
(20,'Avengers','02:23:06','2012','El director de la Agencia SHIELD decide reclutar a un equipo para salvar al mundo de un desastre casi seguro cuando un enemigo inesperado surge como una gran amenaza para la seguridad mundial.',1);

insert into netflix.series (id_series,nombre_serie,numero_temporadas,año,sinopsis,calificacion,estado) 
values (1,'Game of throne',8,2011,'La trama de Game of Thrones está basada en la serie de novelas Canción de hielo y fuego, 31​32​ y relata las vivencias de un grupo de personajes de distintas casas nobiliarias en el continente ficticio Poniente para tener el control del Trono de Hierro y gobernar los siete reinos que conforman el territorio.',9.4,1),
(2,'Lost',6,2004,'Lost es una serie dramática que se centra en las vivencias de los "supervivientes" de un accidente aéreo en una isla llena de misterios. Por lo general, cada episodio narra una historia principal que tiene lugar en la isla, intercalada con varios segmentos de una historia secundaria.',8.3,1),
(3,'Malcolm in the middle',7,2000,'Malcolm in the middle es una serie protagonizada por Frankie Muniz en el papel de Malcolm. Este chico es un joven adolescente superdotado que intenta sobrevivir en una torpe familia disfuncional. Así, cada situación le enseña a Malcolm valiosas lecciones que aprende no siempre por las buenas, debido a su mala suerte.',8.0,1),
(4,'The walking dead',10,2010,'La serie se sitúa en un mundo postapocalíptico y está protagonizada por Rick Grimes (Andrew Lincoln), un oficial de policía que al despertar de un coma se encuentra con que la civilización ha desaparecido debido a un inexplicable fenómeno que hace que las personas muertas se pongan en pie y ataquen a las personas vivas, transformándolas a su vez en "caminantes muertos" (walking dead). Al encontrar a su familia, Rick se une a un grupo de supervivientes convirtiéndose en su líder.',8.3,1),
(5,'La casa de papel',3,2017,'La Casa de Papel narra lo que se espera que sea el atraco perfecto al Museo de la Fábrica Nacional de Moneda y Timbre. La mente que idea este plan es El Profesor, un hombre que recluta a siete personas para llevar a cabo el gran golpe.',8.3,1),
(6,'The big bang theory',12,2000,'The Big Bang Theory es una sitcom norteamericana centrada en la vida de dos científicos que, además, son compañeros de piso: Sheldon Cooper (Jim Parsons), fan empedernido de Star Trek y Leonard Hofstadter (Johnny Galecki), junto a sus dos amigos Howard, interpretado por Simon Helberg y Raj, a quien da vida Kunal Nayyar. A pesar de no ser muy dados a las relaciones sociales, estos comienzan a interactuar con su nueva y atractiva vecina, Penny (Kaley Cuoco), quien pronto se convertirá en una más del grupo y por quien Leonard siente amor a primera vista.',8.1,1),
(7,'Breaking bad',5,2008,'es una serie de televisión dramática estadounidense creada y producida por Vince Gilligan. Breaking Bad narra la historia de Walter White (Bryan Cranston), un profesor de química con problemas económicos a quien le diagnostican un cáncer de pulmón inoperable. Para pagar su tratamiento y asegurar el futuro económico de su familia comienza a cocinar y vender metanfetamina,1​ junto con Jesse Pinkman (Aaron Paul), un antiguo alumno suyo. La serie, ambientada y producida en Albuquerque (Nuevo México), se caracteriza por poner a sus personajes en situaciones que aparentemente no tienen salida, lo que llevó a que su creador la describa como un wéstern contemporáneo',9.5,1),
(8,'Lucifer',4,2017,'La historia de Lucifer es la que todos conocemos: un ángel caído del cielo. Sin embargo, este señor del infierno está aburrido de su propia existencia. Por ello, Lucifer decide abandonar su reino e ir a la ciudad de Los Ángeles a descubrir qué puede ofrecerle el mundo mortal.',8.2,1),
(9,'Ash vs evil dead',3,2015,'Evil Dead es una nueva producción, emitida por la cadena Starz, que supondrá una secuela a la saga Evil Dead, dirigida por Sam Raimi y protagonizada por Bruce Campbell.',8.3,1),
(10,'Two and half men',12,2003,'fue una comedia de situación estadounidense, protagonizada desde la novena temporada por Jon Cryer, Ashton Kutcher, y Angus T. Jones, y anteriormente por Cryer, Charlie Sheen y Angus T. Jones.La serie ganó el Peoples Choice Awards en 2004, 2007, 2008 y 2009, y fue nominada al Emmy en 2006, 2007 y 2008. Se emitió en la cadena CBS. La serie tuvo una media de 13,4 millones de espectadores en Estados Unidos y fue una de las sitcom más vistas a nivel mundial. ',7.0,1),
(11,'Vikingos',5,2013,'Vikings es una serie que está basada en las leyendas sobre el vikingo Ragnar Lodbrok, (Travis Fimmel) uno de los héroes más famosos de la cultura nórdica que saqueó Northumbria, Francia y Bretaña.',8.5,1),
(12,'Sobrenatural',15,2005,'Cuando eran niños, Sam y Dean Winchester, perdieron a su madre debido a una misteriosa y demoníaca fuerza supernatural. ... Ahora los hermanos Winchester recorren el país en su Chevy Impala del 67, luchando contra todo tipo de amenaza sobrenatural que encuentran en el camino.',8.4,1),
(13,'Stranger Things',3,2015,'La historia arranca durante la década de los 80, en el pueblo ficticio de Hawkins, Indiana, cuando un niño llamado Will Byers desaparece, hecho que destapa los extraños sucesos que tienen lugar en la zona, producto de una serie de experimentos que realiza el gobierno en un laboratorio científico cercano.',8.8,1),
(14,'The Good Doctor',3,2017,'The Good Doctor se centra en un joven y brillante cirujano que padece el síndrome de Savant. Poco se sabe de este "síndrome del sabio" además de que aquellos que lo sufren tienen una memoria prodigiosa y muy especial. ... El creador de House, David Shore, vuelve al género dramático con The Good Doctor.',8.2,1),
(15,'El principe del rap',6,1990,'es una comedia televisiva estadounidense producida por la cadena NBC y emitida entre 1990 y 1996. Estaba protagonizada por Will Smith, un chico de Filadelfia al que su madre envía a vivir con unos parientes ricos de Bel-Air, en Los Ángeles. Se produjeron 148 episodios en seis temporadas.',7.9,1),
(16,'Chernobyl',1,2019,'Desastre de Chernobyl: historia en resumen. El desastre de Chernobyl​ fue un accidente nuclear acontecido el 26 de abril de 1986, en la central nuclear Vladímir Ilich Lenin. Esta misma está ubicada en el norte de Ucrania, que en ese momento pertenecía a la Unión de Repúblicas Socialistas Soviéticas.',9.5,1),
(17,'Dexter',8,2006,'Dexter es un forense especializado en análisis de salpicaduras de sangre en el Departamento de Policía de Miami. ... Pero además, Dexter es un psicópata que, al terminar su turno en la comisaría, busca a criminales cuestionables para saciar su particular moral y los mata: Dexter es un asesino en serie.',8.3,1),
(18,'Mr.pickles',3,2013,'Mr. Pickles es una comedia animada para adultos estadounidense creada por Will Carsola y Dave Stewart para Adult Swim. La serie gira en torno a la familia Goodman, especialmente a su hijo de 6 años llamado Tommy y al border collie de la familia, el demonio Mr. Pickles. La serie fue recogida para 10 episodios de un cuarto de hora para su primera temporada, que se estrenó en la red el 21 de septiembre de 2014 y finalizó el 23 de noviembre de 2014. Se renovó por una segunda temporada, que se estrenó el 17 de abril de 2016 , y terminó el 26 de junio de 2016.',7.4,1),
(19,'Mad Men',7,2007,'Don Draper (Jon Hamm) es uno de los mejores publicistas del Nueva York de los 60. Está casado con Betty (January Jones), con la que es padre de tres niños, y trabaja para la agencia Sterling Cooper. Ésta es su historia.',8.6,1),
(20,'Spartacus: Sangre y arena',3,2010,'es una serie de televisión que presenta, de manera novelada, la vida del famoso gladiador rebelde Espartaco. También muestra la vida y peripecias de sus compañeros gladiadores y de los romanos más próximos a Espartaco. Rodada en Nueva Zelanda y producida por Steven S. DeKnight y Robert Tapert, la serie fue transmitida por la cadena Starz desde el 22 de enero de 2010 hasta el 12 de abril de 2013.',8.5,1);

insert into netflix.idioma(id_idioma,nombre_idioma)
values (1,'Español'),
(2,'Ingles'),
(3,'frances'),
(4,'italiano'),
(5,'Ruso'),
(6,'koreano'),
(7,'mandarin');

insert into netflix.tipo_pago (id_tipo_pago,nombre_pago)
value 
(1,'Tarjeta debito'),
(2,'tarjeta credito'),
(3,'Codigo de regalo');

insert into netflix.categoria(id_cate,nom_cate) 
values (1, 'Acción'),
	   (2, 'Anime'),
       (3, 'Ciencia ficción y fantasía'),
       (4, 'Clásicas'),
       (5, 'Comedias'),
       (6, 'Deportes'),
       (7, 'Documentales'),
       (8, 'Dramas'),
       (9, 'Infantiles y familiares'),
       (10, 'Independientes'),
       (11, 'Latinoamericanas'),
       (12, 'Musicales'),
       (13, 'Policiales'),
       (14, 'Romance'),
       (15, 'Terror'),
       (16, 'Fe y espiritualidad'),
       (17, 'De Hollywood'),
       (18, 'Colombianos'),
       (19, 'Disponibles para descargar'),
       (20, 'Los favoritos de la crítica');
 insert into netflix.peliculas_idioma(Fk_id_peliculas,Fk_id_idioma) 
 value (1,1),(1,2),(1,3),(1,4),(1,5),
(2,1),(2,2),(2,3),(2,4),(2,5),
(3,1),(3,2),(3,3),(3,4),(3,5),
(4,1),(4,2),(4,3),(4,4),(4,5),
(5,1),(5,2),(5,3),(5,4),(5,5),
(6,1),(6,2),(6,3),(6,4),(6,5),
(7,1),(7,2),(7,3),(7,4),(7,5),
(8,1),(8,2),(8,3),(8,4),(8,5),
(9,1),(9,2),(9,3),(9,4),(9,5),
(10,1),(10,2),(10,3),(10,4),(10,5),
(11,1),(11,2),(11,3),(11,4),(11,5),
(12,1),(12,2),(12,3),(12,4),(12,5),
(13,1),(13,2),(13,3),(13,4),(13,5),
(14,1),(14,2),(14,3),(14,4),(14,5),
(15,1),(15,2),(15,3),(15,4),(15,5),
(16,1),(16,2),(16,3),(16,4),(16,5),
(17,1),(17,2),(17,3),(17,4),(17,5),
(18,1),(18,2),(18,3),(18,4),(18,5),
(19,1),(19,2),(19,3),(19,4),(19,5),
(20,1),(20,2),(20,3),(20,4),(20,5);

insert into netflix.categoria_peliculas(Fk_id_peliculas,Fk_id_cate)
values 
(1,3), 
(2,3),
(3,3),
(4,3),
(5,3),
(6,3),
(7,1),
(8,15),
(9,15),
(10,15),
(11,5),
(12,5),
(13,1),
(14,1),
(15,1),
(16,3),
(17,9),
(18,9),
(19,3),
(20,1);

insert into netflix.categoria_serie(Fk_id_cate,Fk_id_series)
values
(1,15), (1,3), 
(2,3),
(3,3),
(4,3),
(5,3),
(6,3),
(7,5),
(8,15),
(9,15),
(10,15),
(11,5),
(12,3),
(13,1),
(14,1),
(15,1),
(16,6),
(17,9),
(18,9),
(19,1),(20,4),
(2,15),
(3,15),
(4,1),
(5,1),
(6,1),
(7,1),
(8,3),
(9,9),
(10,9),
(11,3),
(12,5),
(13,5),
(14,3),
(15,3),
(16,3),
(17,3),
(18,3),
(19,3),
(20,1);
       
insert into netflix.usuario (numero_documento,P_nombre,S_nombre,P_apellido,S_apellido,email,contraseña,Fk_id_documento,Fk_id_rol,Fk_id_plan)
values
(169302287319,'Logan','Martha','Vega','Boyer','consectetuer@blanditviverra.org','CKN29XXY8VL',1,2,1),
(162612071769,'Bert','Bell','Beach','Pratt','imperdiet.nec.leo@dolorvitae.co.uk','SHM54BZO1MX',1,2,2),
(164002109999,'Edward','Noelle','Campbell','Rasmussen','mollis.non.cursus@sedpedenec.org','MXW72DSO7LZ',2,2,3),
(164811215849,'Harrison','null','Sanchez','Raymond','luctus.et.ultrices@cursusdiamat.net','WVZ01OBR7UP',1,1,3),
(164909086959,'Reese','Jocelyn','Santos','Beach','euismod.ac@Vivamus.org','ZBT94ASO1FJ',3,2,2),
(163405251639,'Scott','null','David','Armstrong','enim@diamvelarcu.com','IGN83ZMD8PH',1,2,3),
(161704303889,'Emmanuel','Anjolie','Pickett','Rowe','mi@viverraDonectempus.org','NBA22CUF2IL',2,2,3),
(165908217759,'Quinlan','null','Stark','Leblanc','nostra.per.inceptos@facilisi.ca','BVR66RHP4XN',1,1,3),
(164602135149,'Curran','Sarah','Clarke','Frederick','tempor.augue@suscipitestac.edu','YKX82SAL4QL',1,2,3),
(162409177189,'George','null','Walton','Hawkins','Cras.dictum.ultricies@eratEtiam.net','NIK16DCH8GN',2,2,2),
(166704045739,'Eric','Vera','George','Henderson','aliquam@Donecvitaeerat.edu','XWY09SZT9FL',3,2,3),
(161104129079,'Nicholas','Helen','Oneill','Goodman','amet.nulla@mauriselitdictum.com','QUC19NHP2NC',1,2,1),
(169108106389,'Keane','null','Sosa','Kramer','Vivamus.euismod@euodio.org','IGW79KFZ8YN',3,2,1),
(160705259879,'Zahir','Zelenia','Hernandez','Lawson','torquent.per.conubia@lobortisquam.net','MOL70ZSF3RT',4,2,3),
(163310099459,'Yasir','Nina','Leblanc','Yates','cursus.Nunc@etultrices.org','GJP09GVU2IE',1,2,1),
(162105303039,'Alan','Melyssa','Morris','Gregory','at.augue@Nullamfeugiatplacerat.co.uk','GPI17IFQ9TY',4,2,3),
(167402269209,'Ralph','Gisela','Mitchell','Evans','nisi.Mauris@sitametrisus.ca','TSZ81OVH4LA',4,2,2),
(167201270819,'Nathaniel','Portia','Chang','Rojas','fringilla@quama.co.uk','CAD82VPK0PO',1,2,3),
(161208090239,'Quentin','Adrienne','Frank','Brown','eu@tellusloremeu.org','ZKI18SXV8GZ',3,2,2),
(165303045559,'Giacomo','Ava','Rhodes','Graham','faucibus@ipsum.org','PNG73RSR0AX',1,2,2);

insert into netflix.factura(id_factura,fecha,hora,Fk_numero_documento,FK_id_documento,Fk_id_tipo_pago,Fk_id_plan)
values 
(1,'2019/06/22','15:44:55',169302287319,1,1,1), 
(2,'2019/08/23','16:44:55',162612071769,1,2,2),
(3,'2019/06/24','17:44:55',164002109999,2,3,3),
(4,'2019/06/25','18:44:55',164811215849,1,3,3),
(5,'2019/06/26','19:44:55',164909086959,3,1,2),
(6,'2019/06/27','20:44:55',163405251639,1,2,3),
(7,'2019/06/28','21:44:55',161704303889,2,2,3),
(8,'2019/06/29','22:44:55',165908217759,1,2,3),
(9,'2019/06/30','23:44:55',164602135149,1,3,3),
(10,'2019/07/01','0:44:55',162409177189,2,1,2),
(11,'2019/07/02','1:44:55',166704045739,3,1,3),
(12,'2019/07/03','2:44:55',161104129079,1,2,1),
(13,'2019/07/04','3:44:55',169108106389,3,3,1),
(14,'2019/07/05','4:44:55',160705259879,4,3,3),
(15,'2019/07/06','5:44:55',163310099459,1,1,1),
(16,'2019/07/07','6:44:55',162105303039,4,2,3),
(17,'2019/07/08','7:44:55',167402269209,4,3,2),
(18,'2019/07/09','8:44:55',167201270819,1,1,3),
(19,'2019/07/10','9:44:55',161208090239,3,1,2),
(20,'2019/07/11','10:44:55',165303045559,1,3,1);


insert into netflix.perfil (id_perfil,nombre_perfil,avatar,Fk_numero_documento,Fk_id_documento)
values
(1,'Lydia','(C:\Users\USER\Pictures\Screenshots\Smile.jpg',169302287319,1),
(2,'Katell','C:\Users\USER\Pictures\Screenshots\Smile.jpg',162612071769,1),
(3,'Amery','C:\Users\USER\Pictures\Screenshots\Smile.jpg',164002109999,2),
(4,'Harrison','C:\Users\USER\Pictures\Screenshots\Smile.jpg',164811215849,1),
(5,'Yael','C:\Users\USER\Pictures\Screenshots\Smile.jpg',164909086959,3),
(6,'Dante','C:\Users\USER\Pictures\Screenshots\Smile.jpg',163405251639,1),
(7,'Uriel','C:\Users\USER\Pictures\Screenshots\Smile.jpg',161704303889,2),
(8,'Moses','C:\Users\USER\Pictures\Screenshots\Smile.jpg',165908217759,1),
(9,'Kareem','C:\Users\USER\Pictures\Screenshots\Smile.jpg',164602135149,1),
(10,'Brady','C:\Users\USER\Pictures\Screenshots\Smile.jpg',162409177189,2),
(11,'Tanner','C:\Users\USER\Pictures\Screenshots\Smile.jpg',166704045739,3),
(12,'Vincent','C:\Users\USER\Pictures\Screenshots\Smile.jpg',161104129079,1),
(13,'Shannon','C:\Users\USER\Pictures\Screenshots\Smile.jpg',169108106389,3),
(14,'Buckminster','C:\Users\USER\Pictures\Screenshots\Smile.jpg',160705259879,4),
(15,'Gretchen','C:\Users\USER\Pictures\Screenshots\Smile.jpg',163310099459,1),
(16,'Kaden','C:\Users\USER\Pictures\Screenshots\Smile.jpg',162105303039,4),
(17,'Griffith','C:\Users\USER\Pictures\Screenshots\Smile.jpg',167402269209,4),
(18,'Dante','C:\Users\USER\Pictures\Screenshots\Smile.jpg',167201270819,1),
(19,'Adena','C:\Users\USER\Pictures\Screenshots\Smile.jpg',161208090239,3),
(20,'Sigourney','C:\Users\USER\Pictures\Screenshots\Smile.jpg',165303045559,1);
 
insert into netflix.series_perfil(Fk_id_series,Fk_id_perfil)
value (1,7),(1,11),(1,3),(1,4),(1,5),
(2,3),(2,1),(2,20),(2,19),(2,11),
(3,4),(3,6),(3,8),(3,15),(3,18),
(4,1),(4,13),(4,12),(4,3),(4,6),
(5,12),(5,20),(5,19),(5,14),(5,11),
(6,14),(6,12),(6,13),(6,15),(6,4),
(7,7),(7,5),(7,6),(7,9),(7,10),
(8,10),(8,9),(8,8),(8,18),(8,16),
(9,1),(9,2),(9,3),(9,4),(9,5),
(10,1),(10,2),(10,3),(10,4),(10,5),
(11,1),(11,2),(11,3),(11,4),(11,5),
(12,1),(12,2),(12,3),(12,4),(12,5),
(13,1),(13,2),(13,3),(13,4),(13,5),
(14,1),(14,2),(14,3),(14,4),(14,5),
(15,1),(15,2),(15,3),(15,4),(15,5),
(16,1),(16,2),(16,3),(16,4),(16,5),
(17,1),(17,2),(17,3),(17,4),(17,5),
(18,1),(18,2),(18,3),(18,4),(18,5),
(19,10),(19,19),(19,3),(19,5),(19,8),
(20,20),(20,18),(20,7),(20,19),(20,4);
   
insert into netflix.peliculas_perfil(Fk_id_perfil,Fk_id_peliculas)
value (1,15), (1,3), 
(2,3),
(3,3),
(4,3),
(5,3),
(6,3),
(7,5),
(8,15),
(9,15),
(10,15),
(11,5),
(12,3),
(13,1),
(14,1),
(15,1),
(16,6),
(17,9),
(18,9),
(19,1),(20,4),
(2,15),
(3,15),
(4,1),
(5,1),
(6,1),
(7,1),
(8,3),
(9,9),
(10,9),
(11,3),
(12,5),
(13,5),
(14,3),
(15,3),
(16,3),
(17,3),
(18,3),
(19,3),
(20,1);

insert into netflix.temporadas(id_temporadas,num_temp,Fk_id_series)
values 
(1,1,11),
(2,2,12),
(3,3,14),
(4,4,15),
(5,5,1),
(6,6,4),
(7,7,5),
(8,8,6),
(9,9,8),
(10,10,9),
(11,11,10),
(12,12,3),
(13,13,2),
(14,14,19),
(15,15,20),
(16,16,18),
(17,17,7),
(18,18,16),
(19,19,13),
(20,20,17);
 insert into netflix.capitulos(id_capitulos,nombre_capitulos,num_capitulos,duracion,Fk_id_temporadas)
 value 
 (1,'euismod mauris eu elit. Nulla',1,'0:35:12',11),
(2,'ultricies sem magna nec quam.',2,'0:22:12',12) ,
(3,'enim consequat purus. Maecenas libero',3,'0:26:54',14 ),
(4,'sed, hendrerit a, arcu. Sed',4,'0:25:54',15 ),
(5,'sem semper erat, in consectetuer',5,'0:25:54',1 ),
(6,'felis eget varius ultrices, mauris',6,'0:25:54',4 ),
(7,'nisi. Cum sociis natoque penatibus',7,'0:25:54',5 ),
(8,'ornare, facilisis eget, ipsum. Donec',8,'0:25:54',6 ),
(9,'velit justo nec ante. Maecenas',9,'0:25:54',8 ),
(10,'varius ultrices, mauris ipsum porta',10,'0:25:54',9 ),
(11,'Fusce feugiat. Lorem ipsum dolor',11,'0:25:54',10 ),
(12,'diam lorem, auctor quis, tristique',12,'0:25:54',3 ),
(13,'vestibulum. Mauris magna. Duis dignissim',13,'0:25:54',2), 
(14,'commodo auctor velit. Aliquam nisl.',14,'0:25:54',19 ),
(15,'vel turpis. Aliquam adipiscing lobortis',15,'0:25:54',20), 
(16,'Cras vulputate velit eu sem.',16,'0:25:54',18 ),
(17,'libero et tristique pellentesque, tellus',17,'0:25:54',7), 
(18,'semper, dui lectus rutrum urna,',18,'0:25:54',16 ),
(19,'sed turpis nec mauris blandit',19,'0:25:54',13 ),
(20,'consectetuer, cursus et, magna. Praesent',20,'0:25:54',17);


insert into netflix.capitulos_idioma (Fk_id_capitulos,Fk_id_idioma)
value (1,1),(1,2),(1,3),(1,4),(1,5),
(2,1),(2,2),(2,3),(2,4),(2,5),
(3,1),(3,2),(3,3),(3,4),(3,5),
(4,1),(4,2),(4,3),(4,4),(4,5),
(5,1),(5,2),(5,3),(5,4),(5,5),
(6,1),(6,2),(6,3),(6,4),(6,5),
(7,1),(7,2),(7,3),(7,4),(7,5),
(8,1),(8,2),(8,3),(8,4),(8,5),
(9,1),(9,2),(9,3),(9,4),(9,5),
(10,1),(10,2),(10,3),(10,4),(10,5),
(11,1),(11,2),(11,3),(11,4),(11,5),
(12,1),(12,2),(12,3),(12,4),(12,5),
(13,1),(13,2),(13,3),(13,4),(13,5),
(14,1),(14,2),(14,3),(14,4),(14,5),
(15,1),(15,2),(15,3),(15,4),(15,5),
(16,1),(16,2),(16,3),(16,4),(16,5),
(17,1),(17,2),(17,3),(17,4),(17,5),
(18,1),(18,2),(18,3),(18,4),(18,5),
(19,1),(19,2),(19,3),(19,4),(19,5),
(20,1),(20,2),(20,3),(20,4),(20,5);


